feature,value,std
buying price,0.320354943665157,0.08660989573541052
capacity (persons),0.3071392850471212,0.11283405370057019
luggage boot size,0.1523337748810833,0.08088911747965363
estimated safety,0.1087425035332555,0.055946224432327205
maintanence price,0.10080558086434084,0.039613763844555595
doors,0.010623912009042225,0.007771993826959872
