feature,value,std
buying price,0.3150977898806662,0.07864063847058225
capacity (persons),0.2855191641556187,0.09517943104932729
luggage boot size,0.17877746917744128,0.08446691571081984
maintanence price,0.10533751321386813,0.046450169199604104
estimated safety,0.1049023175837097,0.04915127621357712
doors,0.010365745988696006,0.008749657566405255
