feature,value,std
estimated safety,0.30868480583167446,0.07210502889927103
capacity (persons),0.24580761788515218,0.0579430427649229
maintanence price,0.14748859812470722,0.06381661379725923
buying price,0.14703064279483266,0.07307720649890467
luggage boot size,0.09256087621064608,0.04017500785870104
doors,0.05842745915298757,0.015849107202479746
