{"data": {"0": [-0.3166489819887137, 0.7316417050257239, 1.7441282578750679, 0.5946922976300573, -0.24036590883439746, -0.06164125127387987, 1.0626365510942672, -0.5942023523364377, -0.3933346874572447, 0.8546094822262754, 0.2513987216773321, 1.4074320732925216, 1.0204028972239447, 1.269237159995859, 1.3124222827566587, 0.14105621950552125, 0.47267390791060326, -0.6567979727773285, -0.07197687370575698, -0.7798397828121535, -0.31001980328793344, 0.9545685539251714, 0.1554800958196256, 0.4771296202858256, 0.09550470584726987, -0.014739070740345125, -0.42656955169693395, 1.5259353959620923, -1.3851215854460661, 0.41369078852654717, 0.5941678133833037, 0.09194600898386325, -0.9898631457667015, -1.0014070397199046, 0.06446121177831177, 0.47908291263019126, 0.7006667084774315, -0.3595037283351308, -0.39207694188170195, -1.925492082756304, -0.009393645372091503, -1.68653777663308, -0.3522448791153734, -0.7221006233156158, 0.15230969783030324, 0.3221170667943416, 0.7921161424425501, 0.026166162679248525, -0.19453039847642123, 1.0262648041310394, -0.025603672355792195, 0.3148161981784119, -1.5448154935595793, -0.4369742335784306, 0.15652154199555746, -0.696544406030601, 1.3419886791678255, 1.026640696464204, 0.6309709913138161, 1.612478477878953, 0.23047455191403626, -0.08929722633335319, 1.2751318698926988, -0.3716142664321987, -0.5550723429834058, 0.7695152027037446, 0.8001927691196553, 0.7090135575904191, 0.2956730692269386, -1.2397256957767857, -0.5784082044137046, -1.3834453745355502, -0.1473858262120062, 0.06659734017241997, -0.04591712406106141, -0.22939904724013238, -0.4274128678135081, 1.0254858532938007, 0.26326444922477266, 0.4468417335793605, 0.5298463419215355, -0.7138219378760233, 0.47167880540768903, -0.15346400693736428, 0.9066471059538284, -0.46841594074205656, -0.8106405645150712, 1.3955556731588559, 0.44026606628437803, -0.68083170070075, 0.3565101365773796, -0.07262732711037612, -0.14030717725749847, 0.6052410073613493, 0.8928413983570155, 2.7033875550487947, -0.38775555566329584, 0.17930070776683527, -0.1748314356411076, -0.17601011031010097], "1": [-1.0950609348360114, -1.0681047838029465, -1.9790468638864396, -1.4632855686256994, 0.7714295078378668, -0.5561464472700162, -0.8752594123089363, 0.8713975872066464, 0.639033767058288, -2.3986948777082557, -0.16746815199659093, -0.2691250049253725, -1.173994902789981, -0.8114960599224075, -0.1790876289997802, -0.10914720217370572, 0.15185651514114712, 1.2933203456012206, 0.26991043937293246, 0.9707238402715317, 0.09917791460792488, -1.5096014964319129, -0.04900457872285702, -0.019748021966116996, -0.27503329975823254, -0.1539187152964791, 0.6272567789670507, -2.0911941042998334, 1.8176908306125572, -0.4983791224497387, -1.3925838978847347, 0.20982130991311304, 1.6340338822653155, 0.7109574183353441, 0.5193475256176441, 0.066419437621909, -0.8668456802760616, 1.5987224944423801, -0.30421909751880527, 3.3468444773824086, 0.3807047470306307, 1.8320197098126894, 0.2708988443179097, 2.0937170942563315, 0.17500016607636143, 0.677898161291205, 0.3321690505183873, 0.1810810826398524, 0.11246231439151505, -1.7826821018367176, 0.8599811002254241, -0.15844103504258633, 1.5003609282144545, 1.1065421954071346, -0.5284149534756232, 1.292646155603765, -2.4155777340033935, -0.905588584960737, -1.146193460572373, 0.010509659431193419, 0.2475836692025929, 0.4202483782141535, -0.32199476686313666, 1.2661064899613717, 0.9473779846357643, -0.7378438621236487, 0.006821181334261767, -1.2066288062708859, 1.0420140458810776, 1.1943551621981732, 0.012690687772998144, 2.0306921188394167, 0.7762720214782106, 0.03503912480666546, -1.4171283532207575, -0.5632918779807532, 0.48089124463835353, -1.7211131178615877, 0.2337063671477513, -0.3510975330535644, -0.45449762001544103, 0.12250223633386748, 0.7241012248002401, 2.086080847665313, -1.2118874589439694, 1.6537988315915555, 1.1967994906049502, -2.0794938409220265, -0.34072843884403414, 1.29691039406941, -1.6785319256255353, 0.37384013249402614, -0.06847268262622314, -1.406999504297007, 0.08956809788127262, -3.6870606264832055, -0.03575955641726536, 0.9166665016480895, 0.7423419178506944, -0.06614251000986943], "2": [0.14013936585068376, 0.6840949503214915, -0.590329535470095, 0.008049205294433814, 0.5998938956526536, 0.15102943352743348, -1.7745344615120757, 0.059174597141699814, 1.2135832329618037, 1.1052818901327537, 0.1566314262776588, -0.9336305180285676, -0.2935806050011459, -0.4883553263863901, -1.2623961346157757, -0.2822712846743772, -1.747382895509175, -0.8085827585888977, -0.47892677781624415, -0.14655926134677644, 0.09669281975197508, -1.0071774694646716, -0.0046861153577808234, -1.134791497709759, 0.07963508884180132, 0.6432571143546422, 0.4550396182282175, -0.22454960241383476, 0.3345039810200563, -0.6046024034496853, 0.2764767154993787, -0.9658675851088636, 1.993860134244652, 0.17100638286952402, -0.3721926781985716, -3.308789382059418, -1.417298869505736, -1.1486659638780323, 0.6297311540526658, -0.5889566933267593, -0.05340591327679689, -0.02188584036286062, 0.9929266259096452, 0.81291559414849, 0.1864311092920548, -1.8149467762510876, -1.1168341278463454, -0.42798890479620516, -0.25534995674579736, -2.572475770849047, -1.2709354887241502, -0.14265526363302508, 0.17629990700942721, 0.4836877926156077, 0.1360862992216968, -0.594863770694275, 0.1716367340332413, -0.6365916368532705, 0.12160900693463955, -2.086762649973437, -0.7516417929064454, 0.059548287982349624, -1.2887194961828046, -1.1346749776589387, 0.7356690863151392, -2.4347349316368825, -2.033093163461638, -0.09113311401611054, -1.064615095400754, -0.405340798898263, -0.08886435825127317, 1.8205474820597423, 0.17039515228154728, -0.016806104972854397, 0.7559699030775515, -0.5405753574018126, -0.35579249804320146, -2.104608344564462, -1.379248551485011, 0.42108688327907184, -1.4636094130616102, 1.6466430362571745, -1.7907163029558668, -0.5589121364399793, -1.7067890487782178, 0.012717835391722165, 0.28959198282921716, -0.8214533258993689, -0.3893612600630012, 1.3894643909689859, 0.5934430260878316, -0.41007070637640536, 0.5058960528037963, -0.9561570318438182, -1.16367248485201, 0.15748309340568617, 1.6128746561215102, -1.1831816051364004, -0.3508209024689713, 0.1509734618850626],