{"data": {"0": [-0.9842857095229657, -0.8390924045838117, 1.5050047356518101, -0.9683304110255576, 0.9982152560618631, -0.0013308991492270161, -0.85480876245189, -1.1745290783451454, -1.556342169304801, -0.0515330091433877, 0.40423520423043324, -0.8996490548474062, -1.4183416638348336, 0.13944656888744872, -0.1504293494885181, 0.23328022199296872, 0.037340083998290086, 1.3360129196226618, -0.5166208530146988, 0.03371289869131051, -0.4386318050129211, 0.568980457365739, -0.4631404744590526, -0.8735257808159823, 0.3017557652558952, 0.6252719077538844, 0.5098260235195478, 0.8652159616698127, -1.3758719434196358, 1.1696597156787116, 0.5094820057609653, 0.2720624661861922, -0.18081267822396574, 0.015344783036156273, -0.30610835131809055, 0.43211054102978874, 1.1716318675721236, 0.7950967821183801, 0.42240934497199983, 0.2644418555620307, 0.06388251066065798, -0.41396061664748474, -0.8323280246918284, -1.3224286054390766, 1.0981743127885297, 0.5939881127137945, 0.4474135261545379, 0.9721021048454621, 0.2960057928955697, -1.0574909109282782, 0.6337108206936497, 0.9169255916890469, 0.8435098999220552, -1.2952651786014189, 0.8823447352780879, 0.5604112903106041, -0.9401412182558876, -0.1796165993727492, -0.9645700932324895, 0.8686441837883685, 0.0013649012943535155, 0.9266439214604033, 0.6836938817323317, 1.2950837954024248, 0.30243646529405394, 1.6122749155206924, -2.1569759779837394, -1.442125008280951, 0.34189534902503754, -0.11057534700835592, 0.7538002486748916, 1.5364959755333976, -1.0694214615932112, 1.4342923358665898, 1.007146717761602, 1.102333272699984, 0.5081972399337769, -0.5859603132367219, 1.3142013151072538, 3.3883549640694435, -1.3598022889280315, -0.41470684038282724, 0.17012805834460681, -1.4588729399875104, 0.8011845351874328, 0.7267306747702869, -0.2637767403197094, 0.09796783288485311, 1.6026576914860864, 0.7233796580142913, -0.777289588634584, 0.26709924314095634, -1.104698952880476, -0.9862133059380742, -1.092913128288454, -0.30782819817919166, -0.7716221034880861, 1.1650920447032138, 0.3943443009682239, -1.3061237527452456, -0.8409751683914204, -0.3847588452726888, -1.2974492551250991, 0.232184025655718, 0.02532976333601622, 0.3333880039533368, -1.0760942160006266, 1.150955964898367, -0.559348307093165, -0.06382390092678081], "1": [0.2679834477743182, 1.393615344550295, 0.7727243896040247, 0.22057780681832567, 1.4663955208755002, 0.3970848634769587, 0.7180480927495446, 1.0233383285954707, 0.9828746336127339, 1.1782337665221272, 0.9093056686534314, 1.3349306590132244, 0.40972295974865447, 0.7434978195742447, 1.1951484843143656, -0.44861366996676394, 0.5556113799881728, 0.0601007577847148, 1.1033135690148974, 1.313051398677905, -0.6188043471104584, 0.34849487386207645, 0.3137145954468778, 1.5641357015559545, 0.4891696718688734, -0.36971250584881943, 0.45186689442991834, 0.9749056229346922, 0.8830805231872277, 0.9807869415854323, -0.03631976005015031, 0.12836294044632268, 0.5812957735570542, -0.30790256482042766, -0.0319465687413823, 0.4419424647556761, -0.6543514026477399, 0.7215080701781944, 1.0779790389779698, 0.4066378984367406, -0.4923785173961723, 0.21387050065927368, 0.8041183254705749, 0.02950385106317882, 0.9944168129684166, 0.4053204627538583, 1.0867517525835906, 1.270536827269105, -0.31714091549235807, 1.0729531969678223, 0.6115499814193721, 0.9382022773477952, 1.0606045434157043, -0.0929909706471006, 0.7875632482983906, 0.29428341899347876, 1.1159404572597578, 0.7475555783606191, -0.1980689033795161, -0.10950866962980904, 1.3499981873510847, -0.40362844818958854, 0.6961604521513092, 0.8614120170545793, 0.11664705542139076, -0.2267352679181321, 1.1136897756707644, 0.42109677733979317, 0.4961486833312482, 0.854818972682161, 1.081001549277619, 0.11284511404151981, 0.4212131142239963, -0.17841794431549451, 0.019936223547352805, 0.6910430805411458, 0.8977195269344536, 1.8513093022756726, 0.21296156419639295, -0.460508103564811, 0.043627812766988544, 0.5065246904715939, 1.4382465625248129, 1.4300186171923945, 0.12204751548321624, 1.7167622886873457, 0.8742452359430307, 0.6189366315557991, 0.21250000529449864, 1.2175498550512667, 0.9316346736254849, 0.024198508595268953, 1.0434358489579825, -0.6036283276166508, 0.3386111173278489, 0.2886549187297198, 0.655616717170694, -0.8810056545371778, 1.3539368036234944, 0.5564810622042982, 0.5349141991983786, 0.4011552804112976, 0.5385194238992435, 0.8490386496549793, 0.31127192128807335, 1.2733591450970048, 1.1995463542873153, -0.13577837053537362, 1.2139999915681743, 2.166089575021423], "2": [-0.9842857095229657, -0.8390924045838117, 1.5050047356518101, -0.9683304110255576, 0.9982152560618631, -0.0013308991492270161, -0.85480876245189, -1.1745290783451454, -1.556342169304801, -0.0515330091433877, 0.40423520423043324, -0.8996490548474062, -1.4183416638348336, 0.13944656888744872, -0.1504293494885181, 0.23328022199296872, 0.037340083998290086, 1.3360129196226618, -0.5166208530146988, 0.03371289869131051, -0.4386318050129211, 0.568980457365739, -0.4631404744590526, -0.8735257808159823, 0.3017557652558952, 0.6252719077538844, 0.5098260235195478, 0.8652159616698127, -1.3758719434196358, 1.1696597156787116, 0.5094820057609653, 0.2720624661861922, -0.18081267822396574, 0.015344783036156273, -0.30610835131809055, 0.43211054102978874, 1.1716318675721236, 0.7950967821183801, 0.42240934497199983, 0.2644418555620307, 0.06388251066065798, -0.41396061664748474, -0.8323280246918284, -1.3224286054390766, 1.0981743127885297, 0.5939881127137945, 0.4474135261545379, 0.9721021048454621, 0.2960057928955697, -1.0574909109282782, 0.6337108206936497, 0.9169255916890469, 0.8435098999220552, -1.2952651786014189, 0.8823447352780879, 0.5604112903106041, -0.9401412182558876, -0.1796165993727492, -0.9645700932324895, 0.8686441837883685, 0.0013649012943535155, 0.9266439214604033, 0.6836938817323317, 1.2950837954024248, 0.30243646529405394, 1.6122749155206924, -2.1569759779837394, -1.442125008280951, 0.34189534902503754, -0.11057534700835592, 0.7538002486748916, 1.5364959755333976, -1.0694214615932112, 1.4342923358665898, 1.007146717761602, 1.102333272699984, 0.5081972399337769, -0.5859603132367219, 1.3142013151072538, 3.3883549640694435, -1.3598022889280315, -0.41470684038282724, 0.17012805834460681, -1.4588729399875104, 0.8011845351874328, 0.7267306747702869, -0.2637767403197094, 0.09796783288485311, 1.6026576914860864, 0.7233796580142913, -0.777289588634584, 0.26709924314095634, -1.104698952880476, -0.9862133059380742, -1.092913128288454, -0.30782819817919166, -0.7716221034880861, 1.1650920447032138, 0.3943443009682239, -1.3061237527452456, -0.8409751683914204, -0.3847588452726888, -1.2974492551250991, 0.232184025655718, 0.02532976333601622, 0.3333880039533368, -1.0760942160006266, 1.150955964898367, -0.559348307093165, -0.06382390092678081],