{"data": {"0": [0.09796783288485311, -0.30610835131809055, 0.9169255916890469, -0.4386318050129211, 0.3943443009682239, 0.232184025655718, 1.1696597156787116, -0.07358995746861974, 0.8652159616698127, 0.9721021048454621, -0.9401412182558876, -0.9862133059380742, 0.568980457365739, -0.8996490548474062, -0.2637767403197094, -0.8323280246918284, -0.41470684038282724, -0.9645700932324895, 0.2960057928955697, 1.8197011344456016, 0.42240934497199983, 0.5098260235195478, 0.3333880039533368, -1.4588729399875104, 0.6836938817323317, -0.5166208530146988, 0.7950967821183801, -0.5859603132367219, -1.092913128288454, 1.6026576914860864, 0.03371289869131051, -1.3598022889280315, 0.5604112903106041, -0.0515330091433877, 0.037340083998290086, -0.11057534700835592, 0.43211054102978874, 1.5050047356518101, 0.8011845351874328, -0.18081267822396574, -0.7716221034880861, -1.0574909109282782, -0.41396061664748474, -0.3847588452726888, 0.7381916121199472, 0.0013649012943535155, 0.7233796580142913, 0.17012805834460681, -1.1745290783451454, -0.9842857095229657, 0.7267306747702869, -1.556342169304801, 0.40423520423043324, 0.9266439214604033, 0.6252719077538844, 1.2950837954024248, -0.1796165993727492, -0.0013308991492270161, 0.5939881127137945, -1.2974492551250991, 0.9102026461141763, -0.9683304110255576, 0.40390339659451924, -2.1569759779837394, 0.5081972399337769, 0.4474135261545379, -0.30782819817919166, 1.0981743127885297, 0.02532976333601622, 1.1149799031346748, 0.2720624661861922, -0.8390924045838117, -0.8409751683914204, -0.8735257808159823, 0.7538002486748916, 0.9782173851972601, -1.3061237527452456, 0.8823447352780879, -0.777289588634584, 1.1716318675721236, -0.85480876245189, -1.3758719434196358, 1.007146717761602, 0.9982152560618631, 1.150955964898367, 0.015344783036156273, 1.102333272699984, -0.559348307093165, -1.2952651786014189, -1.104698952880476, -1.3224286054390766, 2.1725588489364904, 1.6122749155206924, -0.06382390092678081, 1.3142013151072538, -0.1504293494885181, -0.4631404744590526, 0.3017557652558952, 0.8435098999220552, -1.0760942160006266, 0.6337108206936497, 0.26709924314095634, 0.7463446857473166, -0.7477110680847634, 0.30243646529405394, 1.3360129196226618, -1.4183416638348336, 0.2644418555620307, -1.442125008280951, -1.0694214615932112], "1": [0.6189366315557991, -0.0319465687413823, 0.9382022773477952, -0.6188043471104584, 1.3539368036234944, 0.8490386496549793, 0.9807869415854323, -0.8883265523309609, 0.9749056229346922, 1.270536827269105, 1.1159404572597578, -0.6036283276166508, 0.34849487386207645, 1.3349306590132244, 0.8742452359430307, 0.8041183254705749, 0.5065246904715939, -0.1980689033795161, -0.31714091549235807, 0.3254820699337022, 1.0779790389779698, 0.45186689442991834, 1.2733591450970048, 1.4300186171923945, 0.6961604521513092, 1.1033135690148974, 0.7215080701781944, 1.8513093022756726, 0.3386111173278489, 0.21250000529449864, 1.313051398677905, 0.043627812766988544, 0.29428341899347876, 1.1782337665221272, 0.5556113799881728, 0.854818972682161, 0.4419424647556761, 0.7727243896040247, 0.12204751548321624, 0.5812957735570542, 0.655616717170694, 1.0729531969678223, 0.21387050065927368, 0.4011552804112976, -0.4207517040298118, 1.3499981873510847, 1.2175498550512667, 1.4382465625248129, 1.0233383285954707, 0.2679834477743182, 1.7167622886873457, 0.9828746336127339, 0.9093056686534314, -0.40362844818958854, -0.36971250584881943, 0.8614120170545793, 0.7475555783606191, 0.3970848634769587, 0.4053204627538583, 0.5385194238992435, -0.8846534000356295, 0.22057780681832567, -0.6837893652712737, 1.1136897756707644, 0.8977195269344536, 1.0867517525835906, 0.2886549187297198, 0.9944168129684166, 0.31127192128807335, 0.4542947032827302, 0.12836294044632268, 1.393615344550295, 0.5349141991983786, 1.5641357015559545, 1.081001549277619, -0.1588931045209992, 0.5564810622042982, 0.7875632482983906, 0.9316346736254849, -0.6543514026477399, 0.7180480927495446, 0.8830805231872277, 0.019936223547352805, 1.4663955208755002, -0.13577837053537362, -0.30790256482042766, 0.6910430805411458, 1.2139999915681743, -0.0929909706471006, 1.0434358489579825, 0.02950385106317882, -0.07915355595841372, -0.2267352679181321, 2.166089575021423, 0.21296156419639295, 1.1951484843143656, 0.3137145954468778, 0.4891696718688734, 1.0606045434157043, 1.1995463542873153, 0.6115499814193721, 0.024198508595268953, 0.2655248964800162, 0.6284177789257359, 0.11664705542139076, 0.0601007577847148, 0.40972295974865447, 0.4066378984367406, 0.42109677733979317, 0.4212131142239963], "class": [0, 0, 0, 0, 0, 0, 0, 1, 0, 0, 0, 0, 0, 0, 0, 0, 0, 0, 0, 1, 0, 0, 0, 0, 0, 0, 0, 0, 0, 0, 0, 0, 0, 0, 0, 0, 0, 0, 0, 0, 0, 0, 0, 0, 1, 0, 0, 0, 0, 0, 0, 0, 0, 0, 0, 0, 0, 0, 0, 0, 1, 0, 1, 0, 0, 0, 0, 0, 0, 1, 0, 0, 0, 0, 0, 1, 0, 0, 0, 0, 0, 0, 0, 0, 0, 0, 0, 0, 0, 0, 0, 1, 0, 0, 0, 0, 0, 0, 0, 0, 0, 0, 1, 1, 0, 0, 0, 0, 0, 0], "dataset": ["train", "train", "train", "train", "train", "train", "train", "train", "train", "train", "train", "train", "train", "train", "train", "train", "train", "train", "train", "train", "train", "train", "train", "train", "train", "train", "train", "train", "train", "train", "train", "train", "train", "train", "train", "train", "train", "train", "train", "train", "train", "train", "train", "train", "train", "train", "train", "train", "train", "train", "train", "train", "train", "train", "train", "train", "train", "train", "train", "train", "train", "train", "train", "train", "train", "train", "train", "train", "train", "train", "train", "train", "train", "train", "train", "train", "train", "train", "train", "train", "train", "train", "train", "train", "train", "train", "train", "train", "test", "test", "test", "test", "test", "test", "test", "test", "test", "test", "test", "test", "test", "test", "test", "test", "test", "test", "test", "test", "test", "test"], "pred": [0, 0, 0, 0, 0, 0, 0, 0, 0, 0, 0, 0, 0, 0, 0, 0, 0, 0, 0, 0, 0, 0, 0, 0, 0, 0, 0, 0, 0, 0, 0, 0, 0, 0, 0, 0, 0, 0, 0, 0, 0, 0, 0, 0, 0, 0, 0, 0, 0, 0, 0, 0, 0, 0, 0, 0, 0, 0, 0, 0, 0, 0, 0, 0, 0, 0, 0, 0, 0, 0, 0, 0, 0, 0, 0, 0, 0, 0, 0, 0, 0, 0, 0, 0, 0, 0, 0, 0, 0, 0, 0, 0, 0, 0, 0, 0, 0, 0, 0, 0, 0, 0, 0, 0, 0, 0, 0, 0, 0, 0]},