feature,value
0,0.096021
1,0.068190
2,0.407403
3,0.428386