{
    "train": [0.17928628430621046, 0.17065775091052865, 0.16184620742101008, 0.17234454893789303, 0.17532007910710745, 0.1671117562169311, 0.18684338821077012, 0.15745981527088881, 0.5030228986624631, 0.15584109514881558],
    "test": [0.3125132527120861, 0.3390876032568856, 0.34110323047860214, 0.3637650971144506, 0.3321381397277991, 0.3458782704148322, 0.36714175750048106, 0.3039105442709339, 0.5474411133001612, 0.33155420108782807]
}