,feature importance,importance std
buying price,0.32090809247153074,0.08437126527763816
capacity (persons),0.3069942439065115,0.10242755064397835
luggage boot size,0.12850100006044077,0.08777383217780786
maintanence price,0.11732963844121207,0.04858098156419901
estimated safety,0.11483949226159523,0.058554005424610166
doors,0.011427532858709812,0.008094840255587045
