,feature importance,importance std
estimated safety,0.30809765117844035,0.07384565765347309
capacity (persons),0.25499624004517424,0.05943751285232106
buying price,0.14788184328238138,0.07337016393789565
maintanence price,0.1369329322414665,0.06128986194421327
luggage boot size,0.09307110178120147,0.040980245172597275
doors,0.05902023147133603,0.01540516904198589
