,feature importance,importance std
estimated safety,0.306037715721118,0.07275989126045372
capacity (persons),0.2547301393227541,0.060238558260529644
buying price,0.14793218914062567,0.071199360685345
maintanence price,0.13782008846044716,0.0619707027357561
luggage boot size,0.09252880978224838,0.03951737321924329
doors,0.06095105757280682,0.015725436225182046
