feature,value
buying price,1.5662650602409638
maintanence price,1.676056338028169
doors,1.4631578947368422
capacity (persons),2.0
luggage boot size,1.5726495726495726
estimated safety,2.0
