feature,value,std
estimated safety,0.32573035577255094,0.07455925289274222
buying price,0.21388213624000887,0.057766727634048755
capacity (persons),0.17756361029566137,0.04943010785257003
maintanence price,0.17056756137110415,0.051543315785127344
luggage boot size,0.10146610837336197,0.06008747921636246
doors,0.010790227947312665,0.010359677578198893
